Name,Type,做法,Video
红烧牛尾,牛🥩,,
小炒牛肉,牛🥩,,
红烧牛蹄,牛🥩,,
番茄炖牛肚,牛🥩,,
辣咖喱牛肉乌冬面,牛🥩,,85 Ting的美食小记发布了一篇小红书笔记，快来看吧！ 😆 HPgLaFIXuUymvqL 😆 http://xhslink.com/a/FHIr8Q7AN2jgb 复制本条信息，打开【小红书】App查看精彩内容！
广式牛肉煲,牛🥩,生抽3勺 柱候酱2勺 老抽1/2勺 蚝油2勺 花生酱2勺,52 杨小杨发布了一篇小红书笔记，快来看吧！ 😆 zWXiSXcZuEeIKkQ 😆 http://xhslink.com/a/VyHErmQAY2jgb 复制本条信息，打开【小红书】App查看精彩内容！
芹菜炒牛肉,牛🥩,,
烤牛肉串,牛🥩,,
沙茶牛肉豆腐煲,牛🥩,"食材：牛肉400克，豆腐600克，洋葱，大蒜，生姜
碗汁：2勺沙茶酱、1勺蚝油、适量清水简化步骤：
1.牛肉逆纹理切片，用2勺生抽、1勺蚝油、黑胡椒粉、1大勺沙茶酱调味，然后分次用淀粉和食用油抓匀腌制10分钟
2.豆腐切厚片两面煎上色
3.碗锅中炒香洋葱、大蒜和姜片，加入煎好的豆腐、牛肉和碗汁，盖盖焖8分钟左右",
辣炖牛肋条,"牛🥩, 还没做",煎牛肋条，拿出来，用牛油炒香蒜末洋葱碎，加番茄和番茄膏，炒出汁水。苹果块，胡萝卜块铺上去，然后放牛肋条，+干辣椒+迷迭香+香叶等+红酒+开水，出锅前+盐+胡椒，出锅后可以把苹果胡萝卜打成酱。,
清炖牛肋条,牛🥩,焯水清炖，白胡椒粒+香叶+几颗花椒+姜+葱，白萝卜，出国放白胡椒+盐。蘸水：蒜末+小米辣+葱花+蚝油+生抽+糖+一点点醋+maybe蒸鱼豉油+牛肉汤,
卤牛肉,牛🥩,卤牛肉；牛腱子买回来后用盐跟白醋浸泡（一两个小时），着急烧就前前后后清洗几遍，泡不出血水。洗干净后锅里放水跟牛腱子水要多点，调料：八角两三个角就够了，桂皮一节手指那点就可以了，香叶三四片样子，大葱白三段，小茴香一小把（没的话就不放）白果一粒，生姜一块拍碎，白酒两勺（没白酒朗姆也行，不要放黄酒），冰糖适量。一起放入锅中大火煮开，浮末撇净后，放入一点老抽，一起炖，中小火或小火炖一个小时左右来看看翻面，用筷子扎一下牛肉不够软，这个时候可以放点鲜酱油，接着继续小火慢炖，炖到筷子能轻松插进牛肉，就可以关火了，让牛肉净泡在汤里，等完全冷却后装袋冷藏或冷冻。吃的时候撒点黑胡椒海盐,
牛肉炖土豆,牛🥩,,
西兰花炒牛肉,牛🥩,,
煎牛排,牛🥩,,
酱牛肉,牛🥩,"1、牛腱子泡水三个小时去血水，加入酱油270g放入冰箱腌一下午/6小时
2、拿出腌渍了一晚的牛腱子，和酱油一起倒入锅中，加入凉水没过肉，开火煮，撇血沫
3、加入花椒、八角、桂皮、草果、香叶、陈皮、山楂、干辣椒
4、加入甜面酱一大勺，（豆腐乳），（洋葱），生姜，一点点糖提鲜，水开后尝味道，根据自己口味添加盐
5、小火炖煮1.5-2.5h，半小时check一次小心糊锅，用筷子插入牛腱子，能穿过就可以了，关火然后把牛腱子直接放在锅子里等汤汁凉了之后再盛出来，放入冰箱
6冰箱里取出切片，开吃！
Ps:炖肉汤不要倒掉，可以拿来做牛肉米线或者继续卤制其他食物！",
酱油手撕鸡,鸡🐔,,48 晓晓美食发布了一篇小红书笔记，快来看吧！ 😆 sDSn4MpCQ89X6mh 😆 xhslink.com/m/8oVHoMEDyPk 复制本条信息，打开【小红书】App查看精彩内容！
干煸鸡胗,鸡🐔,,
酸豆角鸡胗,鸡🐔,,
剁椒鸡胗,鸡🐔,,
葱姜鸡腿饭,鸡🐔,,
柠檬干煎鸡,"还没做, 鸡🐔","🌟食材准备：
新鲜的鸡腿肉、洋葱、香菜、柠檬、蒜、白砂糖、老抽、生抽、淀粉、耗油
💪做法步骤：
1.将鸡肉洗净切块，放入碗中🥣。加入老抽、生抽、耗油、淀粉，抓匀腌制一段时间🕙。
2.热锅凉油，将鸡肉块放入锅中，小火慢煎🥘。煎至两面金黄，表皮酥脆。
3.加入切好的蒜片和洋葱炒香。再加入半勺白糖、小米辣、柠檬，翻炒均匀
4.盖上锅盖焖煮三分钟，最后可以根据个人喜好撒上一些葱花或者香菜点缀一下，就可以出锅啦",
日式酱油蛋,鸡🐔,"▪️水开下鸡蛋，煮6分钟捞出迅速过凉水，剥皮（过凉水容易剥皮）
▪️准备需要的配菜：小米辣、洋葱、香菜、大蒜全部切碎
▪️调料汁：生抽150ml、清水150ml（生抽和水比例1:1即可）、一大勺白糖、一勺白芝麻，搅拌均匀
▪️组装：剥壳的鸡蛋、配菜、料汁全部倒入保鲜盒中，冰箱冷藏一晚
",
豆豉干煎鸡,鸡🐔,鸡腿肉先腌制（蚝油生抽盐胡椒+玉米淀粉+油），辣椒先干炒拿出来，然后煎鸡肉，煎金黄+豆豉+辣椒+红葱头+蒜瓣，+料酒闷一段时间,
烤鸡胸,"还没做, 鸡🐔","大碗1000克水、50克盐、任何喜欢的香草（罗勒、迷迭香之类..不放也可以）混合均匀后放入鸡胸，封保鲜膜放冰箱超过六个小时。烤箱预热150度，鸡胸捞出后冲洗干净盐水后放入烤盘（不用擦干水分），表面撒上红糖，烤箱中层烤38分钟，拿出后室温冷却之后再切片。放冰箱密封保存可以3-4天。

这样烤出来的鸡胸会嫩很多，不用低温料理棒也可以。做色拉做三明治都合适，是控制体重的好朋友！",
烤鸡加工,鸡🐔,"烤鸡怎么吃：
1. 鸡丝凉面拌面
2. 空气炸锅烤一烤+孜然辣椒面
3. 椒麻鸡",
豉油鸡,"还没做, 鸡🐔","1. 半只鸡洗净，沥干水。准备葱结 姜蒜 一小块片糖。
2. 碗里加半碗酱油，一勺老抽 一勺高度白酒（或者玫瑰露酒），备用。
3. 锅烧油，把鸡下锅煎至金黄，加葱姜蒜爆香，倒入酱汁煮沸，加片糖和一碗开水，煮开后转中小火20分钟。
4. 期间每隔5分钟翻一次面，最后大火收汁，用勺子不断的把锅里的汤汁淋在鸡皮上，直至颜色红亮即可。
5. 最后把鸡放凉，斩块，淋上剩下的汤汁就搞定了。
",
酸辣鸡胗,鸡🐔,,
大盘鸡,鸡🐔,,
盐焗鸡翅,鸡🐔,,
可乐鸡翅,鸡🐔,,
炖鸡爪/炖鸡腿,鸡🐔,"焯水，大火转中火炖30min
老抽:生抽:冰糖=1:3:适量
盐小半勺
葱 姜 八角 花椒 香叶 桂皮
炖完加辣椒收汁",
炸鸡柳,鸡🐔,"腌制：盐3g糖2g白胡椒粉1g五香粉1g水淀粉（水和淀粉2:1）50g一个蛋清一勺料酒
裹粉：两种选择
1. 玉米淀粉
2. 面包糠
炸：热油 210c炸40秒出锅",
啤酒鸭,鸭🦆,,
盐水鸭,鸭🦆,,
周黑鸭,鸭🦆,"先对鸭子下手——鸭脖、鸭掌、鸭翅
焯水：葱段、姜片、花椒、料酒 + 冷水把血沫煮出去，去去腥， 15min左右
卤料：姜片，花椒，麻椒，八角，干辣椒，（香叶 桂皮 小茴香）甜面酱：老抽：生抽=1:2:6
一罐啤酒 冰糖适量
炖煮：加水盖上盖子焖煮50分钟，汤汁收到一半时记得来回翻拌一下均匀入味。
鸭翅熟的快可以先捞出来，然后放入素菜再煮10分钟。（素菜可以放土豆片、藕片、鹌鹑蛋、海带结……等等。）
最后盛出，撒上白芝麻。
如果不着急吃，泡上一晚会更加入味。也可以放入冰箱冷藏一下，肉质会更加紧实。",
剁椒鱼头,鱼🐟,,
鲈鱼豆腐煲,"还没做, 鱼🐟","1 海鲈鱼+料酒+淀粉+姜丝＋食盐，抓拌均匀金门豆腐（硬豆腐），蘸鸡蛋液
2 煎至两面金黄
3 海鲈鱼也煎至两面金黄
4 煲里头放洋葱、大蒜炒香，加点杏鲍菇，放上豆腐和鲈鱼
5 淋上酱汁（1勺耗油+2勺生抽+半勺老抽+少许食盐+鸡精+香油），加适量清水闷煮十分钟左右",
青花椒煎鱼,"还没做, 鱼🐟","1️⃣改刀鱼
鱼表面擦很干、鱼身对半片开后划几道，铺匀盐和白胡椒去腥入底味（新鲜鱼不加酒，煎时容易粘锅）
2️⃣调料汁
小锅放油下蒜片、干葱片和大量新鲜青花椒（比干的味道更清新明亮）全部炒透炒香关火，加蚝油、生抽、白糖和一点开水调匀
3️⃣锅热到冒烟加油下鱼，两面煎，鱼皮要煎到金黄酥脆出锅（鱼皮面较厚比另一面时间长一点点）
4️⃣灵魂料汁浇给～～～～
你就吃吧，巨香巨入味，口感带点酥脆",
家烧黄鱼/鲳鱼,鱼🐟,家烧黄鱼：黄鱼清洗干净，鱼背划上几刀，用厨房纸擦干。锅里放油，油温要稍微高一点，下黄鱼，煎至两面焦黄，沿锅边洒点黄酒，放葱姜，加一点点糖（有红糖更好）加一点点醋，再加一点鲜酱油，加沫过黄鱼的水，炖一下，看鱼汤在鱼身下一点了，放点盐（咸淡这个时候调）再煮个半分钟样子，放葱，起锅装盘。,
蒸鲈鱼,鱼🐟,清蒸，开锅12分钟,
汪鱼丝汤（酸辣鱼丝汤）,鱼🐟,"【酸辣鱼丝】需要准备的食材
【主料】黑鱼一条（草鱼、鲈鱼、牙鲆鱼）
【辅料】金针菇、香菜、大葱生姜、鸡蛋、水淀粉
【调料】料酒、胡椒粉、盐、香醋、味精
具体烹饪过程
1、将黑鱼去骨后，斜刀把鱼肉片下（不要鱼皮），清洗干净再切成稍微粗一点的丝，再稍微清洗一下备用
2、碗中打入一个鸡蛋，加一点点盐、一点点水淀粉，搅拌均匀备用。
3、用餐巾纸蘸上油，在锅中擦上一层油膜。锅均匀受热后倒入蛋液，转动锅摊成蛋饼。定型后翻面关火，利用余热熥一熥
4、将鸡蛋饼卷起来切成细丝，金针菇从中间切开，香菜切成一寸长的段，葱姜切丝
5、往鱼丝中加一点料酒、一点点盐、蛋清抓拌至发粘，加少量水淀粉搅拌均匀，再加少许油拌一下
6，起锅烧水，往锅中加一点料酒、1克多盐，水开后关火，慢慢下入鱼丝（最好一根根下），全部下完后开火，开锅后用勺推一下即可出锅。
7、金针菇焯一下水，水开后即可捞出
8、洗锅加少许油下入葱姜丝炒香，加金针菇，一点点盐，一点点料酒翻炒几下。
9、盛出一部分配料后加入清水、料酒、一勺香醋 （米醋多放，陈醋少放，注意口味）、2小勺胡椒粉（多放，重点）、适量食盐，加入适量水淀粉勾成薄芡，再倒入鱼丝、香菜根，加一点点香油，开锅后即可出锅装盘，最后加上鸡蛋丝、香菜叶即可食用。
特点：非常淡雅、色彩丰富、口感嫩滑脆爽、复合口以咸鲜为主微辣微酸
注意：水滑时鱼丝要分多次慢慢下入锅中",https://www.bilibili.com/video/BV1Et4y1b7G4
烤鱼,鱼🐟,"处理：鱼背从鱼尾开刀，切开鱼头后，开鱼腹清洗，划开鱼尾和鱼头出开刀使鱼平整。 腌制：葱，姜、适量盐、15克生抽（一勺），少许花椒、两个八角、水冲开，腌制鱼过夜。
撒料：鱼擦干，鱼腹面刷油、撒孜然粉、辣椒粉、花椒粉、香菜籽粉、盐，鱼腹朝下置于烤架上，烤架置于加锡纸的烤盘上，鱼皮面刷油。
烤制：烤箱245摄氏度烤25分钟、鱼皮面撒调料，再烤5分钟，烤炙2分钟",
"酸菜鱼
",鱼🐟,"酸菜+小米辣+泡椒（可以剁碎）+ 干辣椒+红花椒+青花椒 炒香，下开水
开锅后下鱼
青花椒煸热油浇上去",
椒盐排骨,猪🐷,,
剁椒豆豉炖排骨,猪🐷,,
土匪猪肝,猪🐷,,
白菜粉条肉,猪🐷,,
辣椒炒肉,猪🐷,记得加豆豉噢,
红烧猪蹄,猪🐷,,
排骨玉米汤,猪🐷,,
酸豆角肉末,猪🐷,,
红烧肉,猪🐷,"焯水：葱 姜 料酒 小火焯水15min撇去浮沫 干净的话不需要冲洗，不干净用热水冲洗
炒糖色：加少许油 然后冰糖和水1:1 用勺底一直炒防止糊锅 等到抄到糖红色/茶褐色
上色：立刻放肉 给肉上色 这个时候可以加一点老抽调色 然后拿到旁边准备下一步
炒酱：热锅放油 放黄豆酱 （郫县豆瓣酱）葱 姜 炒出香气来
炖：加水盖过肉 炖煮1h出锅",
糖醋排骨,猪🐷,"焯水->剪淡金黄->
炖40min，水与肉齐平，大火烧开转中小火
老抽:生抽:醋:冰糖=1:3:5:6
出锅+白芝麻",
孜然羊肉,羊🐑,,
红烧羊蝎子,羊🐑,羊蝎子焯水，葱姜蒜+香叶+花椒+干辣椒+洋葱+两勺豆瓣酱+两勺黄豆酱，炒香酱放焯水过的羊肉，加水+生抽+老抽，最后加白萝卜,
烤羊排,羊🐑,,
水盆羊肉,羊🐑,"1. 羊肉放入冷水，水烧开把羊肉捞出来，另外准备一锅新水，水烧开后放煮好的羊肉。
放入半个洋葱，生姜片，桂皮，草果，一勺花椒，一勺小茴香。
盖上盖小火煮1.5h
晾凉了把羊肉拿出来冷藏保存。
2. 准备香菜碎，蒜苗碎，把肉拿出来切片。
粉丝凉水浸泡1h
3. 从锅中盛一份汤，煮开后放粉丝+肉片，粉丝煮熟后，放盐，白胡椒粉，出锅！撒香菜碎，蒜苗碎，加辣子。",https://www.bilibili.com/video/BV1iW411p7nT
马赛鱼汤传统版,海鲜🦞,"这道经典的马赛海鲜炖菜用了各种各样的鱼类和贝类🦀包括螃蟹、鱿鱼🦑贻贝和龙虾。 这是海鲜爱好者的最爱，虽然步骤略多，但值得一试。 海鲜的骨头、头和贝壳构成了浓汤的基础。 做这道菜你需要一个大汤锅。👨‍🍳

Bouillabaisse 马赛鱼汤🇫🇷
3.5kg Fish 鱼（各类杂鱼）
30ml Olive oil 橄榄油
100g Onions 洋葱
50g Leeks 京葱
100ml White wine 白葡萄酒🥂
15ml Pernod 茴香酒🍾
10g Garlic chopped 蒜碎
1g Saffron 藏红花
100g Carrot 胡萝卜🥕
15g Tomato paste 蕃茄膏
2.5L Fish stock 鱼基础汤
50g Fennel 茴香
1g Fennel seed 茴香籽
1 Thyme 百里香🌿
100g Tomato puree 番茄泥🍅
Salt and pepper to taste 盐，胡椒适量
40ml Olive 橄榄油
Cayenne pepper to taste卡宴辣椒粉适量

Method
1⃣根据烹饪方法，将鱼(大鱼切成片，小鱼整条)分成两组🐠
.2⃣锅中放入橄榄油，炒香洋葱，大蒜[哇R]
3⃣将除鱼外的所有蔬菜材料混合，文火炒20分钟。
4⃣加入需要较长时间烹煮的鱼🐟小火慢炒10分钟。
5⃣加入需要较短烹饪时间的鱼，继续小火煮5分钟。
6⃣加入适量茴香酒🍾藏红花，茴香籽，蕃茄膏，白葡萄酒翻炒。炒去酒精。
7⃣加入番茄泥，鱼基础汤，百里香🌿适量盐调味。大火煮开，转小火煮20分钟。
8⃣把煮好的汤过滤。
9⃣剩下的鱼用盐调味，用平底锅煎熟 。倒入过滤好的汤。
🔟碗中放入制作好的汤和鱼肉，烤好的法棍（涂抹了蒜味辣椒酱）适量欧青碎装饰即可🍽
",
马赛鱼汤 Bouillabaisse,海鲜🦞,"准备食材
海鱼（如鲈鱼、鳕鱼、石斑鱼等）共500克、虾200克、青口贝200克、蛤蜊200克、洋葱1个、番茄2个、大蒜3瓣、芹菜1根、胡萝卜1根、橄榄油30毫升、藏红花5根、香叶2片、百里香少许、盐5克、黑胡椒粉3克、面包适量。
制作步骤
1. 海鱼处理干净切块，虾洗净去头，青口贝、蛤蜊洗净。洋葱、番茄、大蒜、芹菜、胡萝卜切丁备用。
2. 锅中倒橄榄油，放入洋葱丁、大蒜丁炒香，加入番茄丁炒出汁，再放入芹菜丁、胡萝卜丁翻炒均匀。
3. 倒入适量清水，放入藏红花、香叶、百里香，大火煮开后转小火煮15分钟左右。
4. 放入海鱼块，煮10分钟，再加入虾、青口贝、蛤蜊，继续煮5 - 8分钟至海鲜熟透。
5. 最后加入盐、黑胡椒粉调味。将面包切片，烤至金黄，搭配鱼汤食用。",
海皇粉丝堡,"海鲜🦞, 还没做","【主材】海鲜什锦500g、绿豆粉丝3把
【辅材】洋葱、大蒜、生姜、红葱头
【点缀】芹菜粒、红椒粒
【调料】生抽、老抽、柱侯酱、米酒、盐、糖
•
👩🏻‍🍳做法
1⃣️食材准备
· 绿豆粉丝用冷水泡30分钟，剪短一些，加1勺生抽、1勺老抽拌匀上色
· 大蒜、生姜、红葱头一起打碎；芹菜、红椒切丁
· 准备料汁：1勺柱侯酱、2勺生抽、半勺糖
2⃣️起锅倒油，把海鲜什锦倒下去炒一下，加半勺盐、1圈米酒，炒熟后捞出控干
3⃣️重起一锅，先爆香葱姜蒜末，接着下粉丝，用筷子炒到变色，下料汁、炒过的海鲜、芹菜红椒丁，翻炒均匀后移到砂锅里
4⃣️砂锅烧热，倒底油后铺一层洋葱丝，接着把炒好的粉丝转移进去，盖上盖子烹一圈米酒，中火半分钟就可以上桌啦！
",
意式海鲜烩饭,海鲜🦞,"1⃣️洋葱切丁 番茄切丁 在番茄中加入足量番茄酱拌匀（我加了两小包 一定要多加味道才浓郁）再加迷迭香调味
2⃣️海鲜：我用的是冷冻海鲜（虾仁 海虹 鱿鱼圈）先煮化冻 然后用黄油煎至两面微焦
3⃣️锅里加黄油 洋葱炒香 倒入番茄 炒出汁水 再加入适量清水/白葡萄酒
4⃣️生米倒入（我用的做好的冷冻米饭）加入盐、糖、黑胡椒调味 盖上锅盖小火焖煮至米饭断生
5️⃣铺上海鲜焖熟，开盖撒黑胡椒和欧芹装饰
",
Ceviche,"海鲜🦞, 还没做","Ceviche这道菜的原理是利用柠檬汁的酸性使鱼肉表面蛋白质变性，进而低温做熟鱼肉。意大利的Salmon Crudo和秘鲁的Ceviche很像，但是辅料不同，鱼肉选材不同。Crudo的话，鱼表面并不算被酸腌熟了。

三文鱼去皮切片。
如果大家不放心，可以速冻7天，拿出来泡盐水，冷藏解冻再用。未来会出自己在家制作可生食鱼肉的帖子。

大量柠檬汁+橄榄油+一些盐混合，放入切好的鱼。轻轻翻拌三五分钟之后，鱼就很神奇的熟了。为了出品美观，请把鱼表面擦干净一点，要不然出盘之后葡萄柚汁上会漂小油花，不好看。别的倒是无所谓。

摆盘用到的葡萄柚，取肉且保留果汁，果汁浇在盘底备用。Rewe的沙拉里惊现三色堇，拿来装盘。便宜水芹菜，也弄上。最后一组装，完事儿！
",
葱油响锣片,"海鲜🦞, 还没做","葱油鱼露响螺片。除了切螺肉的时间，是10min可以搞定的快手菜。我一次会把3lb螺肉全都切片，分开真空包装。

1. 螺肉切薄片，开水泡5min过冷水。
2. 中小火油煎葱，葱煎至黄色后取出葱。稍微降温后加入酱油和少许鱼露。用筷子搅一下。
3. 葱丝摆在螺肉上，浇葱油
",
空气炸锅三文鱼手卷,"海鲜🦞, 还没做","空气炸锅三文鱼手卷
315分钟健康低脂快手菜
忙碌的一天，美食也不能将就！今天分享我的空气炸锅三文鱼手卷，真的超简单、超好吃、也超健康
【材料】
三文鱼1磅 酱油3勺＋蜂蜜1勺＋盐和胡椒 新鮮姜蒜未 米饭＋海苔
【做法】
混合酱油、蜂蜜、姜蒜末、盐胡椒腌制三文鱼
将米饭铺在海苔上，扣成塔克形状。
将腌好的三文鱼放在米饭上放入空气炸锅，375°F烤10分钟
成品外酥里嫩，蜜汁三文鱼搭配烤的焦焦的米饭和海苔，一口下去满满幸福感！快去试试吧",
烤章鱼腿,海鲜🦞,costco章鱼腿 烤完+辣椒面+芝麻+五香粉etc,
白灼鱿鱼,海鲜🦞,"葱油白灼是最简单的做法〈
10分钟完成
一定要就着白洋葱丝一起吃，脆甜和鲜美完美融合型，看到还有垫豆芽的，应该也不错
① 洗干净的鱿鱼切段
2 切葱丝泡水，白洋葱切丝垫盘底
3
烧水 加入葱姜料酒，水开放鱿鱼焯水1-2分钟
4
捞出的鱿鱼 ＋蒸鱼豉油和葱花
⑤热油＋花椒粒，淋油即可",
爆炒鱿鱼,海鲜🦞,,
芹菜炒虾仁,海鲜🦞,,
香煎三文鱼/扇贝,海鲜🦞,,
油焖大虾,海鲜🦞,,
虾滑,海鲜🦞,大虾去头去壳去虾线，剁碎/绞碎机，每200克虾仁，盐1克、白胡椒粉1克、淀粉3克、蛋清1个，搅拌均匀。,
葱烧豆腐,菜🥬,,
辣豆花,菜🥬,,
炝炒包菜,菜🥬,,【当你想吃“炝炒包菜”就把这部视频翻出来-哔哩哔哩】 https://b23.tv/vVHW277
豆角炒肉,菜🥬,,56 安秋金发布了一篇小红书笔记，快来看吧！ 😆 v4rcrVk3HXSYiek 😆 http://xhslink.com/a/S1iw1bwc62jgb 复制本条信息，打开【小红书】App查看精彩内容！
普罗旺斯炖菜 Ratatouille,"菜🥬, 还没做","5个番茄（其中2个做汤底）、1个茄子、1个西葫芦、洋葱1/4个、蒜5瓣
盐、黑胡椒、罗勒、百里香
橄榄油、其他替换1-2个番茄的你想吃的蔬菜（土豆、杏鲍菇等）
[吧唧R]【做法】
1. 两个番茄烤火过凉水后去皮，和五瓣蒜、1/4个洋葱切丁。橄榄油（也可以黄油）炒制蒜瓣、洋葱丁出香味儿后，加番茄丁炒制。可以多收收汁，但千万别加水。想更浓郁可以少加一点番茄酱，觉得太酸也可以微微加一点糖。
2. 汤底进料理机打成红酱，倒入之后入烤箱的烤盘/烤锅，铺平。容器别选太薄的。
3. 一个茄子、一个西葫芦、三个番茄切片，当然也可以把1-2个番茄替换成你想吃的别的蔬菜，比如土豆、杏鲍菇。尽量切的一样厚度，在保证安全的前提下根据自己的刀工水平尽量切薄些。
4. 蔬菜们交叉类别摆盘，均匀撒上橄榄油，撒上适量盐/海盐、罗勒碎、百里香碎。
5. 上铺烘焙纸/锡纸。只是铺上！别封起来！要留出气儿的地方！放入烤箱，上下火220度20分钟。
6. 二次烤制：去掉烘焙纸/锡纸后220度上下火10分钟。标准为二次烤制后茄子皮起皱，时间不够的话可以多烤一会儿～
7. 完成✅
",
凉拌：木耳/腐竹/黄瓜,菜🥬,万能凉拌：半勺糖+半勺盐+两勺生抽+一勺蚝油+一勺香油+两勺油泼辣子+两勺醋；还可以+小米辣+蒜末+热油；醋和生抽的比例自己调节，根据想要酸口or咸口来调整,
黄豆芽炒粉条,菜🥬,粉条提前焯水煮熟，过冷水备用。蒜+干辣椒炒香，+豆芽炒到断生，+粉条，2勺生抽1勺蚝油1勺老抽，一点醋，加水煮一煮出锅,
家常豆腐,菜🥬,,
麻婆豆腐,菜🥬,,
西红柿炒蛋,菜🥬,,
炸豆腐,菜🥬,,
腊肉+香干+笋干,菜🥬,,
清炒or炝炒+空心菜/豆苗/芦笋/山药,菜🥬,,
酸辣土豆丝,菜🥬,,
茶叶蛋,菜🥬,"鸡蛋+一包红茶+八角 香叶 桂皮 花椒
凉水下锅 煮15min
把鸡蛋敲碎
加盐 糖 煮开3min
泡一夜",
醋溜白菜,菜🥬,"葱 姜片 花椒 辣椒 煸锅
生抽:醋=1:1 盐适量",
白菜猪肉水饺,碳水主食🥟,,
韭菜鸡蛋水饺,碳水主食🥟,,
芹菜猪肉水饺,碳水主食🥟,,
西葫芦鸡蛋虾仁水饺,碳水主食🥟,,
阳春面,碳水主食🥟,,
剁椒海鲜炒粉,碳水主食🥟,,
酸辣粉,碳水主食🥟,"食材：一把红薯粉，蒜末，小米辣，葱末，白芝麻，辣椒面
做法：
1⃣️配料碗中浇上热油爆香，爆香后加入三勺生抽，两勺陈醋（爱吃醋的宝子们可以自行定量哦）适量盐和鸡精，一勺白糖搅拌均匀备用
2⃣️锅中烧水水开加入粉干煮熟（有时间的宝子可以提前泡干这样煮更快）煮熟后将料碗中加入两勺煮粉的水，再把粉捞入碗中搅拌均匀，最后撒上葱花就完成啦！（家里有香菜和花生米的宝贝，加上就更加完美啦！）
",
过桥米线,"碳水主食🥟, 还没做","【汤底】我试了各种鸡汤，感觉就图二这一款最好吃（Swanson Chicken Broth），costco target都有卖。我一般放3罐，这个很淡，需要额外再放点浓缩鸡汁，盐，一些花椒粉调一下（有一次我家炖了鸡汤，更像！）
【米线】之前我们一直吃的江西濑粉，就是跟螺蛳粉很像的细的粉，也可以买bun bo hue，就是越南的一种粉，粗细都一样，是白色的。缺点是不太好煮，经常要煮完再焖20分钟之类的，或者就得提前泡，反正我们是想不起来哈哈。后来又试了一下图三这种粗的粉，粗细程度我很满意，就是这个粉是半透明的那种，口感有点弹弹的黏黏的，但是胜在好煮，粗度又正好，我们现在就都吃这个粉了（这个粉还有一款跟它长得非常像，字都是一样的，但是字是红色的，我感觉吃起来没什么区别）
【豆皮】这个对我来说很重要！图四这一款（我们一般吃同一个牌子更细的那一款，但是这次hmart没货了），真的跟国内一样软！特别好吃！我们还经常买来凉拌菜什么的，强烈推荐！中超那种高碑店豆腐丝，太硬了，不好吃
【豆芽】【油菜】这个没啥可说的了，还可以放鹌鹑蛋！我还专门寻找了大连那种细豆苗，美国超市有卖，就是贵。。一小点（就是我一口的量）就要$8，算了不吃了
【肉酱】我本人是不喜欢吃肉酱的，但是我老公跟我回国吃了几次以后就爱上了米线，但他需要吃肉酱，于是他就自己弄点肉馅+豆瓣酱啥的炒一炒弄一小碗
【麻油】这是米线的灵魂！我吃来吃去最好吃的就是这个五丰黎红花椒油，我都买1.8升的那种大瓶的，因为每次吃都要狂放一大堆
【油泼辣子】这个也是必须要有，我们家的是自己做的
【醋】我不爱吃醋，但是周围人很多都喜欢放醋，我老公和娃也都要放很多

我们一家三口（学龄前小娃），都饭量挺大，因为要控制主食摄入，每次都是多菜少粉，所以每次的量是一袋图三那个粉+三罐鸡汤+3盒豆腐丝+两包豆芽+小半包油菜。最后都能撑死",
黑椒牛肉意面/乌冬面,碳水主食🥟,"准备： 面，牛肉，黑胡椒，盐，葱，姜，料酒
1. 牛肉切成条或者任何形状，在水中泡15分钟（去除血水），这一步还可以在水中加入小苏打（baking soda）让肉变得更嫩，不要加多，加多了会苦，一小勺就好（1g） /  新鲜牛肉可以直接炒
2. 锅中加水，加一小勺盐（给面调底味），水烧开后放入面煮熟后捞出
3. 焯水：锅中加水（凉水）, 把处理好的牛肉放进去，冷水放牛肉，加料酒，拍碎/切好的姜，葱，一起煮。
4. 锅中会出现很多血沫，把血沫捞出，等你发现没有新的血沫出现就是焯好水了，把牛肉捞出来即可
炒制：
1. 锅热下油，放入牛肉（记得把牛肉的水沥干，不然会油会炸），翻炒牛肉，炒一两分钟就好
2. 放入面，放入任意蔬菜，和牛肉一起翻炒
3. 放入少许盐，生抽，很多黑胡椒，调味
4. 出锅",
白菜萝卜/西红柿疙瘩汤,碳水主食🥟,,
炝锅面,碳水主食🥟,葱碎炝锅，下萝卜丝和白菜丝，盛出来，下肉馅，炒香，然后下刚才的萝卜丝白菜丝，下热水，白胡椒 盐 生抽，下面，出国前下锅边醋,
馄饨：肉馅/鲜虾/皮蛋肉,碳水主食🥟,,
油泼面,碳水主食🥟,两勺醋 两勺生抽 一勺糖 一勺盐 辣椒粉（翠红的话可少盐）,
西红柿鸡蛋面,碳水主食🥟,,
牛肉土豆咖喱饭,碳水主食🥟,"泰式：tj咖喱酱1/2瓶+ a can of coconut milk
日式：加咖喱块即可",
番茄牛肉米线,碳水主食🥟,,
牛肉/鸡肉/火腿+乌冬面/通心粉/意大利面,碳水主食🥟,,
番茄肉酱/鲜虾意大利面,碳水主食🥟,,
日式牛肉饭,碳水主食🥟,"酱汁：酱油:料酒:米酒:水4:2:2:10 蜂蜜10g 苹果汁/泥 20g 柠檬汁一点点
步骤：肥牛焯水，白洋葱煎好，放牛肉，倒酱汁，闷5min",
鸡汤,粥🥣,,
龙虾/鱼片/牛肉/虾仁+生滚粥,粥🥣,,
绿豆汤/三豆汤,粥🥣,（红豆黑豆绿豆）：水和豆子一起下锅，开锅10分钟关火,
皮蛋瘦肉粥,粥🥣,,
白粥/黑米粥,粥🥣,,
鱼汤锅底,粥🥣,鱼表面撒盐微微腌一下，锅中加油，把鱼皮煎至焦黄，加如开水，（把鱼捣碎），加入葱和姜和白胡椒，烧开后转小火炖1-2小时。出锅前加盐和白胡椒调味,https://www.bilibili.com/video/BV16J411h7TK
浓白鱼汤,粥🥣,和小高姐区别在于，鱼鳞不去，用油把鱼鳞+鱼皮炸至金黄，用炸过鱼的油+水+鱼捣碎，+葱+姜，炖1.5h,https://www.bilibili.com/video/BV1FM4y1P76b
"皮蛋瘦肉粥
",粥🥣,"米1水10 滴一点油 开大火熬40min到粘稠
下入姜丝+皮蛋
一小勺盐 一小勺胡椒粉 
最后加入猪肉 煮两三分钟滑嫩
加入葱花",
提拉米苏,甜品&烘培🍰,"300g马斯卡彭芝士，3个鸡蛋，手指饼干，咖啡液，三勺糖，可可粉，marsala/酒
蛋清蛋黄分离，蛋清打发到干性发泡，蛋黄分三次加糖打发，打到微微发白，把马斯卡彭加入到打发到的蛋黄里，手指饼干粘咖啡液，要快！然后把蛋白蛋黄加起来，搅均匀，然后铺在手指饼干上，撒可可粉在上面，再来一遍饼干+奶油+可可粉。放入冰箱一晚上就可以吃了",35 曾yaya_发布了一篇小红书笔记，快来看吧！ 😆 rD6ENcRetiQZMCD 😆 http://xhslink.com/a/CUfZTGxbmYNfb，复制本条信息，打开【小红书】App查看精彩内容！
意式奶冻 Panna Cotta,甜品&烘培🍰,"牛奶275g
白砂糖15g
淡奶油125g

吉利丁5g + 25g水化开
牛奶+糖加热到五六十度加入吉利丁搅拌均匀
加入淡奶油搅拌均匀
冷藏四个小时以上",
银耳百合羹,甜品&烘培🍰,"食材：雪耳两块 少许百合 少量红糖及枫糖浆
做法步骤：
1、雪耳百合泡发洗干净。
2、放进Instant Pot锅中，只需要按Bean这个按钮，煮45分钟（High Pressure-Normal-Bean Chili）。
3、等放完气开锅根据个人口味加入适量红糖及枫糖浆。
4、开吃～（放入冰箱冰镇后口感丝滑粘稠 比燕窝还好吃哦[害羞R]）",
桂花糖藕,甜品&烘培🍰,"1. 糯米提前浸泡，泡发一晚备用
2. 莲藕去皮，在盖子3cm处切下
3. 用筷子将糯米灌进莲藕并用筷子压实。
4.灌满后用牙签固定，加入水，冰糖，红枣，枸杞，桂花。
5. instant pot meat功能45mins，自然放气，闷4-5小时。
",
Canele 可露丽,甜品&烘培🍰,1. 550g牛奶+40g糖+2g香草精+40g黄油 加热 微微煮沸然后放凉 2. 1全蛋3蛋黄+100g糖3g盐打在一起 3. step2的蛋液加入step1的凉牛奶+150g cake flour 打在一起 过筛 4. +50ml朗姆酒 5. 保鲜膜贴面冷藏48h 6. 450f烤15-20分钟 350f烤50分钟+根据上色情况升温上色,
冷冻桃子奶油,"甜品&烘培🍰, 还没做","Frozen Peaches + Cream |冷冻桃子和奶油
1 cup heavy whipping cream
2 T powdered sugar
1/4 t pure vanilla extract, to taste
1 frozen peach
Honey roasted pistachios
Honey, to taste
1. In a cold mixing bowl, whip together your cream, powdered sugar, and vanilla on medium/high speed until soft peaks form.
Should take a few minutes.
2. Grate your frozen peach directly on top and add whatever toppings you like. Enjoy!",
冰粉/龟苓膏,甜品&烘培🍰,,
巴斯克蛋糕,甜品&烘培🍰,"Cream cheese 300g室温软化➕40g糖➕2个全蛋➕1个蛋黄分次放入➕180g奶油➕12g玉米淀粉 混合就是原味。然后就可以烤了👌 抹茶可另外加，10g起不然没有味道
450F 22min转broil上色 3-5min",
蛋挞,甜品&烘培🍰,"【蛋挞皮】中筋面粉150克、盐2克、水80克、无盐黄油85克、面粉(适量)防粘用
蛋挞液：牛奶110g heavy cream 180g sugar 20g 鸡蛋一个+蛋黄一个
or replace some heavy cream with旺仔牛奶
400f 25min注意颜色 + broil",
北非蛋,早餐🍳,"食材：洋葱、口蘑、番茄、红椒、鸡蛋、香菜、胡椒粉、孜然粉、味好美 番茄沙司挤挤瓶360g

1️⃣洋葱、红椒、番茄切成丁，口蘑切片，加橄榄油翻炒8分钟，炒到番茄出汁水
2️⃣加入番茄酱，加一点水再煮一会儿，挖两个洞，打入两个鸡蛋，中小火分钟煮6分钟
3️⃣加入香菜、孜然粉、黑胡椒，出锅
",
吐司蛋饼,早餐🍳,吐司切块，蛋+牛奶+面粉+葡萄干，下锅一起，做成饼饼，+蜂蜜,
蓝莓隔夜燕麦,早餐🍳,"蓝莓隔夜燕麦
食材：
①1杯冷冻蓝莓（不冷冻也可）
21杯牛奶（可以换成任何你喜欢的液体）
31杯燕麦
41汤匙奇亚籽
5半杯酸奶
做法：
①将所有材料放入罐子或容器中，搅拌均匀。
2等待大约3分钟，然后再次搅拌，以避免奇亚籽结块。
③盖上盖子，在冰箱中存放至少一小时，直到浓
稠~好吃。",
oats,早餐🍳,热牛奶+oats+葡萄干+红枣,
水蒸蛋,早餐🍳,蛋：水 = 1:1.5，加盐，两个蛋+水 微波炉3min，3个蛋+水蒸10分钟闷8分钟,
鸡蛋羹,早餐🍳,"2 extra large egg/ 3 medium egg + half spoon salt +（过筛）+ 保鲜膜戳洞
1.电饭煲： stew level small 15min keep warm 5min
2.锅： 大火烧开水 转中小火开始蒸12min闷5min",
豆浆,豆浆机🥛,40g黄豆20g大米10g小米,
Smoothies,豆浆机🥛,"- 水果 + 牛奶/水
- 青提果蔬汁：青提+生菜+羽衣甘蓝+黄瓜+水
- 芒果牛油果：mango chuck + avocado + 香蕉+ milk
- 菠萝牛油果：菠萝 + 牛油果 + 奶",
早餐奶昔,豆浆机🥛,"- General Recipe: base - 牛奶 or 燕麦奶+水果 frozen的香蕉 or berries然后 + 羽衣甘蓝or胡萝卜+蛋白粉+燕麦+奇亚籽
- berries and greens: 燕麦奶 + 蛋白粉 + 菠菜 + 羽衣甘蓝 + berries mix
- mixd greens: 菠菜+生菜+胡萝卜+圣女果+kale",
三色豆浆,豆浆机🥛,- 黑豆30g红豆15g绿豆15g 水600ml,
黑米红豆浆,豆浆机🥛,"- 50g红豆50g黑米 800ml水 maybe + 红枣
- 红豆小米黑米20g20g20g 500ml水",
红豆浆,豆浆机🥛,红豆沙牛乳：红豆30g糯米20g红枣5个，冰糖适量，清水500ml，牛奶200ml,
玉米汁,豆浆机🥛,"关于糖：根据口感可以加冰糖/白糖会更好喝，但水果玉米本身就很甜了
米糊口感的玉米汁：玉米150g 大米20g小米20g清水750ml
只有水的玉米汁：玉米+水，水比玉米高3厘米就好",
焙茶奶冻,"甜品&烘培🍰, 还没做",,
法式蒜香海鲜,"海鲜🦞, 还没做",,
,,,
,,,